{
    "afiro.mps": 20.519500999999885,
    "sc205-2r-50.mps": 45.751012999999844,
    "sc205-2r-8.mps": 23.16169300000004,
    "scagr7-2b-64.mps": 415.28640300000006
}