,matrix_notation_AFIRO_sparse.txt,matrix_notation_SC205-2R-8_sparse.txt,matrix_notation_SC205-2R-50_sparse.txt,matrix_notation_AIR_sparse.txt,matrix_notation_SCAGR7-2B-64_sparse.txt
concurrent_futures,1.1432020000000003,9.316345,334.14471899999995,4989.448578,16725.093358000002
joblib,0.7507179999990399,11.486766999999176,331.139555,5583.274245999999,16706.900947000002
multiprocessing,1.2897229999999995,12.421116,225.73380600000002,4868.286727999999,16671.234303999998
CUDA,0.6109109999954399,10.104366999996728,295.45751399999176,6639.116260000009,23481.776080999993
