{
    "concurrent_futures": {
        "AFIRO.MPS": 1.4037390000000003,
        "SC205-2R-8.MPS": 18.527506,
        "SC205-2R-50.MPS": 555.25666,
        "AIRCRAFT.MPS": 9822.919874999998,
        "SCAGR7-2B-64.MPS": 34884.04561
    },
    "joblib": {
        "AFIRO.MPS": 1.0002089999999741,
        "SCAGR7-2B-64.MPS": 33133.603955,
        "AIRCRAFT.MPS": 9614.285468,
        "SC205-2R-8.MPS": 17.630598999999968,
        "SC205-2R-50.MPS": 411.048657
    },
    "multiprocessing": {
        "AFIRO.MPS": 1.3723759999999998,
        "SCAGR7-2B-64.MPS": 34424.667038,
        "AIRCRAFT.MPS": 9787.671249,
        "SC205-2R-8.MPS": 18.549542000000002,
        "SC205-2R-50.MPS": 545.3301620000001
    },
    "CUDA": {
        "AFIRO.MPS": 2546.2486329999906,
        "SCAGR7-2B-64.MPS": 48292.972741,
        "AIRCRAFT.MPS": 13359.126149000005,
        "SC205-2R-8.MPS": 19.879228000007743,
        "SC205-2R-50.MPS": 564.1574219999939
    }
}